reagente,tempo
a,23.0737186929906
b,20.6517764930176
c,13.9746158819814
a,13.7615172262374
b,18.599514614281
c,21.4115924274826
a,29.8430759378733
b,25.7740247908496
c,22.0808118600487
a,24.8117072497674
b,21.4345838234983
c,20.4579117678233
a,21.0014846086226
b,28.0592292609073
c,18.6913828073742
